City,Lat,Lng,Max Temp,Humidity,Cloudiness,Wind Speed,Country,Date
Asău,46.4333,26.4,17.51,48,0,1.08,RO,1655620480
Albany,42.6001,-73.9662,10.33,67,98,0.89,US,1655620345
Santa Rosa,14.3122,121.1114,34.39,56,63,1.08,PH,1655620484
Dikson,73.5069,80.5464,2.01,79,97,5.33,RU,1655620388
Nieuw Amsterdam,5.8833,-55.0833,25.01,89,79,3.71,SR,1655620486
Hermanus,-34.4187,19.2345,12.05,75,14,2.49,ZA,1655620488
Punta Arenas,-53.15,-70.9167,1.33,74,100,4.93,CL,1655620489
Ribeira Grande,38.5167,-28.7,18.22,59,20,8.75,PT,1655620490
Grafenau,48.8577,13.3974,23.86,49,81,2.71,DE,1655620491
Yatou,37.15,122.3833,26.46,68,24,5.43,CN,1655620493
Narganá,9.4428,-78.5906,25.6,86,100,3.02,PA,1655620494
Hong Kong,22.2855,114.1577,30.29,81,100,8.05,HK,1655620326
Haines Junction,60.7522,-137.5108,12.97,44,70,4.63,CA,1655620497
Jamestown,42.097,-79.2353,10.87,71,0,3.09,US,1655620348
Río Gallegos,-51.6226,-69.2181,-3.97,80,0,7.2,AR,1655620500
Kysyl-Syr,63.8986,122.7617,26.25,31,100,3.55,RU,1655620501
Gamba,-2.65,10.0,22.51,82,77,2.9,GA,1655620502
Tiksi,71.6872,128.8694,5.17,89,100,8.69,RU,1655620503
Puerto del Rosario,28.5004,-13.8627,20.86,78,20,3.6,ES,1655620504
Killarney,52.05,-9.5167,11.96,86,98,6.01,IE,1655620506
Fort Nelson,58.8053,-122.7002,14.77,88,75,0.0,CA,1655620507
Chokurdakh,70.6333,147.9167,16.6,47,100,9.57,RU,1655620337
Tasiilaq,65.6145,-37.6368,2.09,86,100,3.96,GL,1655620510
Gandu,-13.7439,-39.4867,16.32,99,35,0.62,BR,1655620512
Ushuaia,-54.8,-68.3,-2.19,93,100,4.12,AR,1655620513
Maniitsoq,65.4167,-52.9,4.03,92,100,3.58,GL,1655620515
Port Alfred,-33.5906,26.891,15.1,81,73,1.34,ZA,1655620516
Puerto Ayora,-0.7393,-90.3518,20.86,96,80,0.89,EC,1655620277
Pierre,44.3683,-100.351,28.8,47,0,8.75,US,1655620519
Hobart,-42.8794,147.3294,12.85,78,40,4.63,AU,1655620323
Esso,55.9333,158.7,14.09,61,79,2.62,RU,1655620522
Gizo Government Station,-8.103,156.8419,28.22,72,65,1.5,SB,1655620523
Port Elizabeth,-33.918,25.5701,11.78,83,0,3.6,ZA,1655620458
Barrow,71.2906,-156.7887,3.01,75,0,4.12,US,1655620298
Kruisfontein,-34.0033,24.7314,9.94,77,0,3.14,ZA,1655620527
Nikolskoye,59.7035,30.7861,18.72,66,60,5.92,RU,1655620528
Mahébourg,-20.4081,57.7,24.16,73,75,7.2,MU,1655620529
Saint Paul Harbor,57.79,-152.4072,10.73,82,100,4.63,US,1655620530
Setúbal,38.5244,-8.8882,17.9,81,0,1.79,PT,1655620532
Igrim,63.1906,64.4162,21.15,66,100,2.89,RU,1655620534
Nemuro,43.3236,145.575,13.97,94,72,6.05,JP,1655620535
Portland,45.5234,-122.6762,12.31,89,97,0.58,US,1655620364
Narsaq,60.9167,-46.05,8.12,98,100,1.77,GL,1655620537
East London,-33.0153,27.9116,14.52,72,0,4.63,ZA,1655620534
Bredasdorp,-34.5322,20.0403,10.36,76,5,2.52,ZA,1655620542
Rikitea,-23.1203,-134.9692,23.65,67,63,4.72,PF,1655620544
Salou,41.0766,1.1416,24.4,69,20,1.54,ES,1655620407
Maragogi,-9.0122,-35.2225,23.88,82,50,1.57,BR,1655620435
Puerto Suárez,-18.95,-57.8,14.99,63,0,0.91,BO,1655620548
Coyhaique,-45.5752,-72.0662,-1.03,93,0,1.03,CL,1655620495
Tondano,1.3038,124.9112,25.05,84,89,1.0,ID,1655620551
Nizhniy Baskunchak,48.2198,46.8311,28.45,28,85,4.33,RU,1655620552
Mezen',65.8522,44.24,10.57,62,100,2.73,RU,1655620553
Charters Towers,-20.1,146.2667,20.99,37,0,3.17,AU,1655620554
Taoudenni,22.6783,-3.9836,32.3,36,99,5.07,ML,1655620556
Diré,12.2833,-10.9667,24.43,81,94,1.46,ML,1655620557
Buala,-8.145,159.5921,27.35,77,23,1.92,SB,1655620558
Dingle,10.9995,122.6711,31.11,65,100,2.14,PH,1655620560
Guerrero Negro,27.9769,-114.0611,17.39,80,0,5.03,MX,1655620512
New Norfolk,-42.7826,147.0587,11.82,74,9,1.79,AU,1655620562
Cidreira,-30.1811,-50.2056,7.17,78,5,2.93,BR,1655620563
Morros,-9.4467,-46.3003,19.44,47,5,1.46,BR,1655620564
Tuktoyaktuk,69.4541,-133.0374,2.29,88,100,5.62,CA,1655620437
Saldanha,-33.0117,17.9442,9.03,73,12,2.15,ZA,1655620567
Boddam,57.4667,-1.7833,11.21,83,100,10.04,GB,1655620568
Vaini,-21.2,-175.2,25.09,88,75,3.6,TO,1655620569
Hasaki,35.7333,140.8333,29.22,83,100,7.77,JP,1655620570
St Johann im Pongau,47.35,13.2,22.5,56,42,2.26,AT,1655620572
Anloga,5.7947,0.8973,25.19,83,100,1.75,GH,1655620574
Dicabisagan,17.0818,122.4157,31.0,68,16,3.98,PH,1655620575
Chui,-33.6971,-53.4616,4.45,67,1,4.04,UY,1655620576
Avarua,-21.2078,-159.775,24.03,64,40,2.57,CK,1655620383
Kapaa,22.0752,-159.319,24.21,86,100,6.69,US,1655620579
Arraial do Cabo,-22.9661,-42.0278,20.4,78,100,7.03,BR,1655620581
Thompson,55.7435,-97.8558,16.09,72,100,2.06,CA,1655620582
Coquimbo,-29.9533,-71.3436,12.85,82,100,1.54,CL,1655620390
Leningradskiy,69.3833,178.4167,6.26,77,96,3.88,RU,1655620584
Ust-Kuyga,70.0167,135.6,16.65,48,42,10.9,RU,1655620586
Busselton,-33.65,115.3333,16.62,62,99,7.59,AU,1655620587
Khorixas,-20.3667,14.9667,14.34,53,0,1.28,NA,1655620588
Lowestoft,52.4752,1.7516,11.77,94,100,4.12,GB,1655620589
Bereket,39.2446,55.5154,31.98,30,0,2.59,TM,1655620591
Lagoa,39.05,-27.9833,16.88,74,0,8.01,PT,1655620593
Tegul'det,57.3064,88.1667,19.78,71,93,0.62,RU,1655620594
Mandera,3.9366,41.867,29.4,39,52,9.28,KE,1655620596
Faya,18.3851,42.4509,27.29,14,49,3.61,SA,1655620597
Petersburg,37.2279,-77.4019,15.67,64,0,2.57,US,1655620598
Ponta do Sol,32.6667,-17.1,19.92,81,61,2.03,PT,1655620566
Sakakah,29.9697,40.2064,33.76,14,0,4.58,SA,1655620600
Severo-Kuril'sk,50.6789,156.125,9.42,94,100,1.37,RU,1655620601
Sabzawār,36.2126,57.6819,29.6,26,0,5.14,IR,1655620603
Mataura,-46.1927,168.8643,6.93,96,99,0.77,NZ,1655620569
Tagusao,9.1924,117.8141,29.62,66,100,1.97,PH,1655620607
Atuona,-9.8,-139.0333,25.47,75,11,8.97,PF,1655620570
Ermelo,-26.5333,29.9833,11.58,36,0,2.55,ZA,1655620401
Cape Town,-33.9258,18.4232,9.52,94,20,4.12,ZA,1655620502
Egvekinot,66.3167,-179.1667,6.15,72,56,2.25,RU,1655620613
Bilibino,68.0546,166.4372,18.29,38,100,1.18,RU,1655620614
Zhitnevo,55.3423,37.9146,19.18,55,0,5.0,RU,1655620615
Tornio,65.8481,24.1466,10.01,75,100,5.83,FI,1655620318
Puerto Baquerizo Moreno,-0.9,-89.6,21.24,88,69,6.18,EC,1655620617
Sur,22.5667,59.5289,35.99,48,0,0.61,OM,1655620619
Pangnirtung,66.1451,-65.7125,0.26,75,89,1.93,CA,1655620620
Butaritari,3.0707,172.7902,27.38,79,6,2.97,KI,1655620569
Arawa,-6.2132,155.5367,26.84,84,41,0.94,PG,1655620625
Yacuiba,-22.038,-63.6797,7.78,60,0,1.56,BO,1655620627
Ancud,-41.8697,-73.8203,5.13,90,100,2.33,CL,1655620628
Khatanga,71.9667,102.5,7.84,55,100,5.36,RU,1655620629
Bluff,-46.6,168.3333,7.11,74,100,6.33,NZ,1655620631
Saskylakh,71.9167,114.0833,6.81,56,100,10.59,RU,1655620632
San Quintín,30.4833,-115.95,16.01,85,0,6.05,MX,1655620634
Camacha,33.0833,-16.3333,16.68,94,75,6.69,PT,1655620635
Uíge,-7.6087,15.0613,19.02,70,36,0.8,AO,1655620636
Qaanaaq,77.484,-69.3632,0.86,79,100,2.92,GL,1655620637
Kaohsiung City,22.6163,120.3133,32.25,69,75,4.12,TW,1655620639
Hilo,19.7297,-155.09,23.12,85,100,1.54,US,1655620640
Karratha,-20.7377,116.8463,28.27,41,0,1.81,AU,1655620641
Yermakovskoye,53.2831,92.4003,24.58,39,18,1.77,RU,1655620642
George Town,5.4112,100.3354,28.96,78,40,3.6,MY,1655620643
Port-Cartier,50.0334,-66.8654,8.65,78,100,6.14,CA,1655620645
Sena Madureira,-9.0656,-68.6569,20.58,100,100,1.06,BR,1655620647
Hudson Bay,52.85,-102.3842,19.83,98,33,1.44,CA,1655620648
Iquitos,-3.7481,-73.2472,23.02,100,40,1.03,PE,1655620543
Guarapari,-20.6667,-40.4975,21.61,91,53,5.0,BR,1655620395
Dryden,49.7833,-92.7503,16.16,51,100,6.69,CA,1655620652
Bambous Virieux,-20.3428,57.7575,24.14,73,75,7.2,MU,1655620545
Noumea,-22.2763,166.4572,23.33,99,87,6.8,NC,1655620654
San Jose,37.3394,-121.895,12.58,67,20,3.09,US,1655620402
Port Macquarie,-31.4333,152.9167,15.24,85,100,5.21,AU,1655620656
Grand Gaube,-20.0064,57.6608,24.65,68,32,3.58,MU,1655620657
Nioro,13.35,-15.75,25.62,81,89,3.44,GM,1655620659
Saint-Philippe,-21.3585,55.7679,23.77,68,2,4.73,RE,1655620520
Rovaniemi,66.5,25.7167,12.67,54,0,7.2,FI,1655620661
Galle,6.0367,80.217,28.77,68,100,3.73,LK,1655620662
Kromy,52.6876,35.7667,19.63,67,100,5.77,RU,1655620663
Mogoytuy,51.2833,114.9167,24.46,59,100,2.44,RU,1655620515
Huarmey,-10.0681,-78.1522,16.62,84,14,2.79,PE,1655620630
Toamasina,-18.1667,49.3833,21.0,94,75,4.12,MG,1655620666
Marsh Harbour,26.5412,-77.0636,27.12,75,88,4.11,BS,1655620532
Marsá Maţrūḩ,31.3525,27.2453,24.11,78,40,5.14,EG,1655620669
Pisco,-13.7,-76.2167,11.03,93,4,2.06,PE,1655620484
Buchanan,5.8808,-10.0467,24.3,83,41,1.76,LR,1655620569
Dakoro,14.5106,6.765,29.2,48,97,5.98,NE,1655620672
Oranjestad,12.524,-70.027,26.97,78,40,9.26,AW,1655620673
La Palma,33.8464,-118.0467,17.2,76,0,2.06,US,1655620674
Poum,-20.2333,164.0167,23.95,79,13,9.3,NC,1655620676
Geraldton,-28.7667,114.6,20.23,73,75,7.72,AU,1655620495
Port Hardy,50.6996,-127.4199,12.1,87,75,1.54,CA,1655620678
Harper,4.375,-7.7169,25.17,80,100,1.63,LR,1655620679
Cherskiy,68.75,161.3,13.61,48,18,1.31,RU,1655620681
Kahului,20.8947,-156.47,25.82,70,40,9.77,US,1655620682
Baruun-Urt,46.6806,113.2792,35.28,16,100,9.28,MN,1655620683
Mount Gambier,-37.8333,140.7667,11.53,70,100,5.81,AU,1655620684
Yellowknife,62.456,-114.3525,14.29,72,20,2.06,CA,1655620408
Lebu,-37.6167,-73.65,8.69,87,100,4.56,CL,1655620687
Aklavik,68.2191,-135.0107,7.35,76,91,6.87,CA,1655620688
Madarounfa,13.3087,7.156,29.06,50,17,4.92,NE,1655620689
Flinders,-34.5833,150.8552,14.92,81,84,4.18,AU,1655620690
Hithadhoo,-0.6,73.0833,28.05,68,100,0.22,MV,1655620566
Kiama,-34.6833,150.8667,15.02,85,90,0.45,AU,1655620693
Atar,20.5169,-13.0499,27.62,65,90,3.07,MR,1655620695
Krasnosel'kup,65.7,82.4667,21.96,33,30,4.9,RU,1655620515
St. George's,12.0564,-61.7485,25.82,83,40,3.09,GD,1655620697
Aketi,2.7388,23.7833,21.15,97,100,0.38,CD,1655620698
Lerwick,60.1545,-1.1494,10.0,85,29,8.52,GB,1655620700
Mar del Plata,-38.0023,-57.5575,4.78,65,0,3.6,AR,1655620433
Torbay,47.6666,-52.7314,13.54,89,100,9.77,CA,1655620533
Pereslavl'-Zalesskiy,56.7393,38.8563,15.46,86,100,6.44,RU,1655620703
Nome,64.5011,-165.4064,19.04,34,20,5.66,US,1655620653
Halvad,23.0167,71.1833,36.14,43,46,5.27,IN,1655620705
Kavieng,-2.5744,150.7967,28.03,75,32,3.24,PG,1655620707
Boquira,-12.8231,-42.7306,16.56,50,10,0.77,BR,1655620709
Cham,47.1821,8.4636,24.36,68,0,0.51,CH,1655620710
Strezhevoy,60.7333,77.5889,25.25,33,6,2.65,RU,1655620711
Magaria,12.9983,8.9099,29.36,46,100,4.18,NE,1655620712
Talnakh,69.4865,88.3972,12.34,25,23,1.4,RU,1655620714
Vilyuysk,63.7553,121.6247,27.06,29,82,3.38,RU,1655620715
Beringovskiy,63.05,179.3167,10.47,66,100,5.65,RU,1655620716
Sémbé,1.6481,14.5806,22.65,87,98,0.84,CG,1655620717
Itoman,26.1247,127.6694,29.25,84,75,5.14,JP,1655620719
Danané,7.2596,-8.155,19.29,96,76,0.91,CI,1655620720
Māgadi,12.9667,77.2333,27.71,61,100,1.78,IN,1655620721
Shelburne,44.0787,-80.2041,8.58,54,6,3.26,CA,1655620723
Airai,-8.9266,125.4092,21.31,55,66,1.56,TL,1655620725
Vondrozo,-22.8167,47.2833,17.02,80,73,1.44,MG,1655620726
Kaitangata,-46.2817,169.8464,6.87,86,89,3.5,NZ,1655620727
Ashta,23.0167,76.7167,33.51,40,100,3.86,IN,1655620728
Saint George,37.1041,-113.5841,22.46,9,0,3.09,US,1655620463
Macao,22.2006,113.5461,28.86,89,40,4.63,MO,1655620731
Santander,43.4647,-3.8044,17.45,90,40,2.68,ES,1655620466
Kingisepp,59.3733,28.6134,17.11,63,56,6.5,RU,1655620733
Farafangana,-22.8167,47.8333,21.29,73,39,2.87,MG,1655620734
Clyde River,70.4692,-68.5914,3.13,75,0,2.57,CA,1655620735
Cockburn Town,21.4612,-71.1419,27.45,80,100,7.07,TC,1655620737
Kawalu,-7.3817,108.2082,28.38,65,92,2.17,ID,1655620738
Samarai,-10.6167,150.6667,27.35,80,31,4.33,PG,1655620739
Carnarvon,-24.8667,113.6333,21.56,56,3,7.05,AU,1655620740
Awjilah,29.1081,21.2869,26.89,42,0,1.3,LY,1655620742
Norman Wells,65.282,-126.8329,22.02,40,40,3.09,CA,1655620744
Tuatapere,-46.1333,167.6833,7.49,86,100,1.11,NZ,1655620745
Kumul,42.8,93.45,32.6,12,24,2.99,CN,1655620747
Port Hedland,-20.3167,118.5667,30.03,32,0,3.6,AU,1655620748
Tarakan,3.3,117.6333,29.72,66,40,1.03,ID,1655620749
Phang Nga,8.4509,98.5298,30.02,69,99,2.25,TH,1655620751
Klaksvík,62.2266,-6.589,8.51,92,100,11.01,FO,1655620752
Iqaluit,63.7506,-68.5145,4.83,70,75,4.63,CA,1655620564
Erenhot,43.6475,111.9767,38.02,9,70,7.84,CN,1655620754
Esperance,-33.8667,121.9,13.91,72,87,11.81,AU,1655620675
Chhātāpur,26.2167,87.0167,35.94,45,52,0.38,IN,1655620757
Karasjok,69.4719,25.5112,6.54,80,100,2.79,NO,1655620758
Longyearbyen,78.2186,15.6401,4.91,75,75,7.2,SJ,1655620759
Halifax,44.6453,-63.5724,12.44,97,100,1.54,CA,1655620466
Kalianget,-7.05,113.9333,28.79,74,58,4.13,ID,1655620762
Eilat,29.5581,34.9482,29.91,39,0,5.14,IL,1655620763
Souillac,-20.5167,57.5167,24.21,73,75,7.2,MU,1655620764
Qaqortoq,60.7167,-46.0333,5.46,98,100,3.33,GL,1655620768
Broken Hill,-31.95,141.4333,13.2,52,100,2.04,AU,1655620769
Andenes,69.3143,16.1194,10.99,82,100,3.6,NO,1655620770
Quaraí,-30.3875,-56.4514,3.41,69,59,2.55,BR,1655620771
Alice Springs,-23.7,133.8833,20.68,32,100,3.6,AU,1655620772
Lüderitz,-26.6481,15.1594,13.54,76,50,4.84,NA,1655620774
West Wendover,40.7391,-114.0733,17.56,29,0,11.32,US,1655620775
Aswān,24.0934,32.907,32.61,27,0,6.17,EG,1655620776
Nobeoka,32.5833,131.6667,30.97,78,100,3.23,JP,1655620777
Le Port,-20.9373,55.2919,24.97,68,20,3.33,RE,1655620779
Nanortalik,60.1432,-45.2371,5.92,97,100,4.41,GL,1655620780
Wolfenbüttel,52.1667,10.55,21.13,72,54,3.09,DE,1655620781
Olafsvik,64.8945,-23.7142,9.44,87,42,7.85,IS,1655620783
Cascais,38.6979,-9.4215,18.29,79,40,3.13,PT,1655620784
Barcelos,41.5388,-8.6151,16.04,88,12,1.54,PT,1655620786
Hamilton,39.1834,-84.5333,13.98,68,0,1.54,US,1655620787
Lermontovka,47.1453,134.3383,22.65,62,97,3.09,RU,1655620788
Provideniya,64.3833,-173.3,12.53,57,12,3.36,RU,1655620550
Prince George,53.9166,-122.753,12.37,96,100,2.06,CA,1655620540
Impfondo,1.6381,18.0667,22.38,85,100,1.8,CG,1655620791
Bandarbeyla,9.4942,50.8122,31.69,42,100,12.18,SO,1655620793
Aykhal,66.0,111.5,13.61,45,0,8.93,RU,1655620794
Progreso,21.2833,-89.6667,24.5,88,98,4.21,MX,1655620795
Cabo San Lucas,22.8909,-109.9124,27.48,74,12,3.26,MX,1655620745
Pindiga,9.9833,10.9333,22.97,72,100,4.03,NG,1655620797
Namatanai,-3.6667,152.4333,27.7,76,17,2.3,PG,1655620798
Terrace,54.5163,-128.6035,13.95,82,75,7.2,CA,1655620800
Levokumskoye,44.8219,44.6606,29.35,25,47,2.71,RU,1655620801
Bhindār,24.5,74.1833,34.14,45,98,5.34,IN,1655620802
Soe,-9.8607,124.284,26.13,48,2,3.99,ID,1655620803
Pudozh,61.8099,36.5345,10.31,97,100,3.53,RU,1655620805
Berbera,10.4396,45.0143,37.13,32,40,7.29,SO,1655620806
Tocopilla,-22.092,-70.1979,14.41,70,0,1.69,CL,1655620807
Xuanzhou,30.9525,118.7553,28.85,69,100,3.74,CN,1655620809
Jiaocheng,24.6774,116.1389,27.35,90,100,1.72,CN,1655620810
Vega de Alatorre,20.0333,-96.6333,24.55,85,90,1.36,MX,1655620811
Taltal,-25.4,-70.4833,12.96,83,38,0.56,CL,1655620812
Faanui,-16.4833,-151.75,26.11,78,5,7.79,PF,1655620813
Katsuura,35.1333,140.3,22.99,88,100,7.32,JP,1655620815
Antsohihy,-14.8796,47.9875,28.79,43,5,2.98,MG,1655620816
Inuvik,68.3499,-133.7218,10.45,81,75,5.14,CA,1655620817
Waipawa,-41.4122,175.5153,8.03,80,100,6.94,NZ,1655620818
San Juan,-31.5375,-68.5364,8.73,33,46,1.5,AR,1655620747
Pevek,69.7008,170.3133,3.88,75,100,2.62,RU,1655620821
Muroto-misakicho,33.2833,134.15,23.84,87,100,3.09,JP,1655620822
Örnsköldsvik,63.2909,18.7153,8.58,92,100,6.85,SE,1655620823
Weinan,34.5036,109.5089,38.32,24,86,2.4,CN,1655620824
Puerto Escondido,15.85,-97.0667,26.4,86,100,3.3,MX,1655620826
Mukhen,48.1,136.1,18.66,91,100,1.51,RU,1655620827
Necochea,-38.5473,-58.7368,7.06,49,100,6.06,AR,1655620828
Isla Mujeres,21.2311,-86.731,26.76,79,100,5.01,MX,1655620829
Gijón,43.5357,-5.6615,16.39,97,54,0.45,ES,1655620831
Aripuanã,-9.1667,-60.6333,19.24,75,99,0.91,BR,1655620832
Paita,-5.0892,-81.1144,17.13,82,74,6.29,PE,1655620834
Adrar,20.5022,-10.0711,27.88,51,51,5.05,MR,1655620835
Port Blair,11.6667,92.75,32.02,58,40,3.6,IN,1655620837
Nizhniy Bestyakh,61.9594,129.9086,26.38,30,0,5.0,RU,1655620838
Bubaque,11.2833,-15.8333,25.91,83,100,8.65,GW,1655620839
Paamiut,61.994,-49.6678,4.58,97,100,3.8,GL,1655620840
Yar-Sale,66.8333,70.8333,25.11,39,78,6.41,RU,1655620842
Stony Plain,53.5334,-114.0021,14.82,80,75,2.06,CA,1655620844
Yenagoa,4.9247,6.2642,23.47,94,100,1.42,NG,1655620845
Tezu,27.9167,96.1667,22.91,98,100,1.5,IN,1655620846
Mehamn,71.0357,27.8492,6.97,81,100,2.57,NO,1655620847
Svetlaya,46.5389,138.3297,14.56,94,100,1.21,RU,1655620849
Zhigansk,66.7697,123.3711,16.52,40,100,5.55,RU,1655620850
Castro,-24.7911,-50.0119,7.73,97,71,2.37,BR,1655620797
Severobaykal'sk,55.65,109.3167,12.38,77,70,2.01,RU,1655620852
Agbor,6.2518,6.1934,22.68,93,54,1.23,NG,1655620853
Puerto Quijarro,-17.7833,-57.7667,16.31,71,0,1.23,BO,1655620855
Naze,28.3667,129.4833,25.51,84,100,5.95,JP,1655620856
Constitución,-35.3333,-72.4167,10.01,61,100,1.38,CL,1655620857
Fortuna,40.5982,-124.1573,11.61,90,100,0.45,US,1655620858
Verkhoyansk,67.5447,133.385,22.72,40,100,9.17,RU,1655620860
Yonibana,8.4447,-12.245,21.45,98,82,1.57,SL,1655620861
Fenoarivo,-18.933,47.4354,18.04,68,20,3.09,MG,1655620862
Hofn,64.2539,-15.2082,10.39,67,10,1.87,IS,1655620864
Srednekolymsk,67.45,153.6833,17.9,32,96,3.0,RU,1655620865
Kyzyl-Suu,42.3414,78.0056,16.84,59,2,2.85,KG,1655620867
Guangyuan,32.442,105.823,32.78,45,94,1.93,CN,1655620868
Alofi,-19.0595,-169.9187,24.94,83,89,4.63,NU,1655620869
Kigorobya,1.6162,31.3089,20.05,89,100,1.2,UG,1655620871
La Providencia,28.7167,-111.5833,27.26,80,43,6.19,MX,1655620873
Cairns,-16.9167,145.7667,22.97,60,24,6.17,AU,1655620874
Gravdal,68.1214,13.5031,10.05,81,85,2.25,NO,1655620875
Del Rio,29.3627,-100.8968,30.72,49,0,6.17,US,1655620877
Alyangula,-13.8483,136.4192,26.2,65,6,5.47,AU,1655620878
Grimshaw,56.1834,-117.6027,9.79,93,75,4.12,CA,1655620879
Shitanjing,39.2342,106.3439,32.49,17,24,6.36,CN,1655620880
Hirara,24.8,125.2833,31.15,79,75,7.2,JP,1655620881
Lagos,6.5833,3.75,23.18,93,100,0.57,NG,1655620648
Yilan,24.757,121.753,30.78,71,100,1.89,TW,1655620884
Emet,39.343,29.2585,19.04,67,22,3.43,TR,1655620885
Gornopravdinsk,60.05,69.9,26.27,33,11,2.16,RU,1655620886
Vagay,57.9375,69.0217,26.45,34,15,2.02,RU,1655620887
Broome,42.2506,-75.833,8.83,73,0,4.63,US,1655620889
Jumla,29.2747,82.1838,21.21,53,99,3.37,NP,1655620744
Agüimes,27.9054,-15.4461,19.08,76,20,9.26,ES,1655620891
Urusha,54.05,122.9,18.97,57,82,3.3,RU,1655620892
Tilichiki,60.4667,166.1,9.79,72,100,2.3,RU,1655620893
Kiryat Gat,31.61,34.7642,26.8,100,0,3.01,IL,1655620894
Hārij,23.7,71.9,35.21,46,70,5.39,IN,1655620896
College,64.8569,-147.8028,16.14,68,75,3.6,US,1655620897
Kidal,18.4411,1.4078,31.55,32,99,3.38,ML,1655620898
Rawson,-43.3002,-65.1023,5.6,72,98,6.76,AR,1655620849
Ortaköy,38.7373,34.0387,18.14,53,5,5.48,TR,1655620900
Emirdağ,39.0197,31.15,18.81,70,53,2.51,TR,1655620902
São João da Barra,-21.6403,-41.0511,20.8,88,96,5.56,BR,1655620903
Kaniama,-7.5667,24.1833,23.74,39,9,1.27,CD,1655620904
Yulara,-25.2406,130.9889,22.26,22,100,2.78,AU,1655620905
Mandalgovi,45.7625,106.2708,17.44,63,100,7.84,MN,1655620851
Mossamedes,-15.1961,12.1522,16.54,82,97,4.41,AO,1655620908
Borogontsy,62.6683,131.1683,25.32,35,100,3.01,RU,1655620910
Baykit,61.67,96.37,22.37,54,100,0.69,RU,1655620911
Meulaboh,4.1363,96.1285,27.5,72,91,2.34,ID,1655620851
Leshan,29.5623,103.7639,33.26,46,17,1.23,CN,1655620913
Dekar,-21.5333,21.9333,15.88,34,0,3.97,BW,1655620914
Pacific Grove,36.6177,-121.9166,11.94,85,100,5.36,US,1655620872
Abong Mbang,3.9833,13.1833,19.88,95,99,0.79,CM,1655620916
Águilas,37.4063,-1.5829,25.18,65,2,1.17,ES,1655620918
Middelburg,-25.7751,29.4648,13.41,33,0,1.0,ZA,1655620919
Hecelchakán,20.1667,-90.1333,21.86,98,100,1.18,MX,1655620920
Tucupita,9.0622,-62.051,20.95,98,30,1.23,VE,1655620921
Evensk,61.95,159.2333,7.46,91,100,4.35,RU,1655620923
Savannah Bight,16.45,-85.85,27.39,83,100,9.07,HN,1655620924
Ampanihy,-24.7,44.75,20.78,57,0,5.9,MG,1655620925
Chamba,32.5667,76.1333,29.75,41,100,4.04,IN,1655620926
San Luis de la Paz,21.3,-100.5167,16.5,86,87,1.94,MX,1655620927
Katangli,51.7102,143.2326,8.08,90,100,6.9,RU,1655620929
Turan,16.0678,108.2208,36.99,44,20,1.54,VN,1655620930
Rafai,4.95,23.9167,20.27,94,100,0.93,CF,1655620931
Oistins,13.0667,-59.5333,27.05,74,40,9.26,BB,1655620788
Coahuayana Viejo,18.7333,-103.6833,24.54,87,97,1.09,MX,1655620934
Marzuq,14.4,46.4667,33.08,22,96,1.38,YE,1655620937
Ambovombe,-25.1667,46.0833,20.62,67,37,4.93,MG,1655620938
Caçu,-18.5567,-51.1308,16.26,97,14,1.12,BR,1655620939
San Cristobal,7.7669,-72.225,18.02,98,98,1.59,VE,1655620940
Bengkulu,-3.8004,102.2655,27.78,80,90,2.44,ID,1655620942
Linfen,36.0889,111.5189,39.31,16,6,9.14,CN,1655620702
Aksay,47.26,39.87,24.03,38,1,1.79,RU,1655620944
Te Anau,-45.4167,167.7167,5.15,94,97,1.95,NZ,1655620945
Lucapa,-8.4192,20.7447,21.03,31,100,2.03,AO,1655620946
Dubrovnik,42.6481,18.0922,25.8,36,0,3.6,HR,1655620691
Bacolod City,10.6667,122.95,29.29,75,100,1.96,PH,1655620949
Jiuquan,39.7432,98.5174,27.75,25,99,5.31,CN,1655620950
Comodoro Rivadavia,-45.8667,-67.5,1.92,75,0,3.6,AR,1655620952
Oudtshoorn,-33.5907,22.2014,9.2,71,0,0.59,ZA,1655620953
Grindavik,63.8424,-22.4338,10.26,87,75,6.69,IS,1655620955
Port Moresby,-9.4431,147.1797,29.68,70,40,10.29,PG,1655620956
Palmer,42.1584,-72.3287,10.34,80,100,6.17,US,1655620743
New Glasgow,45.5834,-62.6486,13.88,98,100,4.31,CA,1655620958
Manta,-0.95,-80.7333,21.88,88,100,2.06,EC,1655620847
Belmonte,-15.8631,-38.8828,20.45,85,7,0.67,BR,1655620960
Weligama,5.9667,80.4167,29.39,66,100,3.86,LK,1655620961
Ayr,55.4627,-4.6339,11.96,82,75,7.2,GB,1655620964
Constantine,36.365,6.6147,24.67,43,0,4.63,DZ,1655620965
Bathsheba,13.2167,-59.5167,27.34,74,40,9.26,BB,1655620967
Leh,34.1667,77.5833,14.36,26,91,3.03,IN,1655620968
Ust'-Ilimsk,58.0006,102.6619,18.73,67,100,1.69,RU,1655620970
Romanovka,51.7443,42.7527,21.01,64,60,2.99,RU,1655620971
Diamantino,-14.4086,-56.4461,17.76,99,30,1.33,BR,1655620735
Grand Haven,43.0631,-86.2284,11.68,72,0,1.54,US,1655620973
Red Bluff,40.1785,-122.2358,18.08,45,75,3.6,US,1655620974
Coroneo,20.1333,-100.3333,13.33,85,95,1.9,MX,1655620976
Bethel,41.3712,-73.414,11.76,72,75,3.6,US,1655620977
Ubari,26.5921,12.7805,29.51,17,0,7.09,LY,1655620978
Tiszasüly,47.3833,20.4,26.4,43,0,2.33,HU,1655620979
Matehuala,23.65,-100.65,17.32,85,11,3.08,MX,1655620980
Mahabalipuram,12.6264,80.1722,35.03,58,47,6.39,IN,1655620809
Chu,43.5983,73.7614,34.07,12,2,2.85,KZ,1655620983
Richards Bay,-28.783,32.0377,19.66,70,100,5.24,ZA,1655620984
Merke,42.8728,73.1786,30.04,22,12,2.3,KZ,1655620985
Camargo,27.6667,-105.1667,25.17,44,38,8.21,MX,1655620986
Ust-Nera,64.5667,143.2,22.96,30,100,3.68,RU,1655620988
Lebanon,36.2081,-86.2911,14.59,81,0,2.75,US,1655620989
Libertador General San Martín,-23.8064,-64.7876,4.43,59,0,1.04,AR,1655620990
Bilma,18.6853,12.9164,32.98,13,0,7.85,NE,1655620991
Lorengau,-2.0226,147.2712,28.28,68,23,3.23,PG,1655620992
Kununurra,-15.7667,128.7333,31.99,17,17,2.57,AU,1655620994
Vokhma,58.9303,46.7586,16.62,55,100,3.27,RU,1655620995
Atambua,-9.1061,124.8925,28.08,54,0,1.28,ID,1655620996
Frumuşiţa,45.6667,28.0667,23.77,42,0,3.25,RO,1655620997
Novo Oriente,-5.5344,-40.7742,19.75,83,93,1.74,BR,1655620999
Amudat,1.95,34.95,23.4,57,99,1.54,UG,1655621001
Ararat,39.8317,44.7049,27.19,39,0,1.66,AM,1655621002
La Tuque,47.4334,-72.7824,10.14,53,20,5.66,CA,1655621003
Verāval,20.9,70.3667,31.48,65,59,5.07,IN,1655621005
Čajetina,43.7498,19.7127,17.9,59,0,0.63,RS,1655621006
Batagay-Alyta,67.8006,130.4114,16.59,45,100,10.03,RU,1655621007
Tessalit,20.1986,1.0114,30.71,34,100,2.73,ML,1655621008
Ilulissat,69.2167,-51.1,1.01,86,75,4.12,GL,1655621009
Weatherford,32.7593,-97.7972,26.79,67,0,3.3,US,1655621011
Freeport,40.6576,-73.5832,13.94,65,100,3.09,US,1655620764
Przhevalskoye,55.5093,31.8482,20.08,64,78,6.47,RU,1655621015
Dunedin,-45.8742,170.5036,8.22,75,100,4.47,NZ,1655621016
Banff,51.1762,-115.5698,13.18,54,98,3.6,CA,1655620784
Monte Gordo,37.1819,-7.4523,19.63,65,27,3.24,PT,1655621018
Hailey,43.5196,-114.3153,8.87,70,0,4.12,US,1655621020
Kabalo,-6.05,26.9167,26.58,58,96,1.38,CD,1655621022
Elliot Lake,46.3834,-82.6331,6.63,66,53,2.38,CA,1655621023
Talcahuano,-36.7167,-73.1167,7.82,93,100,1.03,CL,1655621025
Bitkine,11.9801,18.2138,27.33,59,98,4.32,TD,1655621026
Arkhangelsk,64.5401,40.5433,12.84,71,75,3.0,RU,1655621028
Abu Dhabi,24.4667,54.3667,37.51,40,0,4.12,AE,1655620961
Zhytomyr,50.2649,28.6767,21.22,60,2,3.8,UA,1655621031
Tricase,39.9304,18.3553,25.6,73,40,3.09,IT,1655621032
Rāwah,34.4816,41.9093,38.96,17,0,6.46,IQ,1655621034
Megion,61.0296,76.1136,25.01,33,98,1.6,RU,1655621035
Tres Arroyos,-38.3739,-60.2798,8.78,37,100,7.35,AR,1655621036
Saint-Pierre,-21.3393,55.4781,23.6,60,40,4.63,RE,1655621037
Nurota,40.5614,65.6886,33.93,15,75,7.44,UZ,1655621038
Shimoda,34.6667,138.95,27.28,83,100,5.38,JP,1655620791
Skibbereen,51.55,-9.2667,12.84,77,27,7.27,IE,1655621041
Vieux-Condé,50.4594,3.5674,13.36,91,100,7.15,FR,1655621042
Acapulco de Juárez,16.8634,-99.8901,27.9,78,75,2.57,MX,1655620906
Tuyen Quang,21.8233,105.2181,36.09,46,77,1.99,VN,1655621044
Uyuni,-20.4597,-66.825,-2.12,19,0,4.07,BO,1655621045
Drayton Valley,53.2168,-114.9854,10.4,93,90,1.7,CA,1655620964
Kathu,7.9178,98.3332,30.39,99,91,4.54,TH,1655621048
Sambava,-14.2667,50.1667,25.03,69,5,4.35,MG,1655621049
Isiro,2.7739,27.616,18.64,99,100,1.23,CD,1655621050
Muswellbrook,-32.2667,150.9,14.07,78,100,1.78,AU,1655621035
Quirinópolis,-18.4483,-50.4517,15.99,96,28,1.15,BR,1655621052
Ambon City,-3.6954,128.1814,26.8,13,75,3.09,ID,1655621054
Karaton,-6.3424,106.1045,31.23,52,20,1.21,ID,1655621056
Waverley,-25.7023,28.2591,8.62,74,0,0.51,ZA,1655621058
Arrondissement de Bayonne,43.3333,-1.4167,19.45,77,100,4.12,FR,1655621059
Labuhan,-6.8844,112.2051,28.96,69,92,2.89,ID,1655621060
Bereda,43.2686,-7.5406,13.97,100,100,2.97,ES,1655621062
Channagiri,14.0333,75.9333,28.81,56,100,4.21,IN,1655621063
Padang,-0.9492,100.3543,28.03,80,84,3.26,ID,1655621064
Turochak,52.2576,87.1224,23.36,44,97,3.98,RU,1655621065
Mount Isa,-20.7333,139.5,26.87,22,9,3.09,AU,1655620859
Bac Lieu,9.285,105.7244,30.7,65,30,4.89,VN,1655621069
Margate,51.3813,1.3862,12.26,85,100,3.13,GB,1655621070
Sulangan,11.1373,123.7228,29.95,66,56,2.09,PH,1655621071
Binucayan,8.25,125.7167,29.18,75,100,2.95,PH,1655621072
Nouakchott,18.0858,-15.9785,22.96,95,100,8.85,MR,1655620954
Arlit,18.7369,7.3853,33.35,16,8,3.44,NE,1655621074
Binabalian Ricor,16.4202,119.9279,30.39,70,100,3.57,PH,1655621076
Avera,33.194,-82.5271,23.0,30,0,4.52,US,1655621077
Kaseda-shirakame,31.4167,130.3167,22.48,97,100,3.64,JP,1655621078
Ostrovnoy,68.0531,39.5131,5.74,94,100,4.86,RU,1655621079
Yining,29.0361,114.5636,24.7,96,100,0.89,CN,1655621080
Najrān,17.4924,44.1277,34.36,9,83,5.03,SA,1655620839
Isāgarh,24.8333,77.8833,28.82,59,98,4.31,IN,1655621083
Lovozero,68.005,35.0117,4.51,96,100,2.82,RU,1655621084
Touros,-5.1989,-35.4608,23.22,91,22,4.33,BR,1655621070
Rochester,43.1548,-77.6156,13.58,59,0,3.09,US,1655620981
Pemangkat,1.1667,108.9667,28.83,71,12,4.28,ID,1655621087
Tari,12.4086,4.4914,28.05,59,98,3.93,NG,1655621089
Gua Musang,4.8823,101.9644,34.56,44,41,1.2,MY,1655621090
Itarema,-2.9248,-39.9167,22.92,88,98,4.61,BR,1655621093
Urucará,-2.5364,-57.76,22.97,96,95,1.17,BR,1655621094
Eyl,7.9803,49.8164,31.72,43,97,13.23,SO,1655621095
Pokhara,28.2333,83.9833,27.88,69,33,1.21,NP,1655621096
Sandovo,58.4602,36.4128,13.72,97,100,4.45,RU,1655621097
Darhan,49.4867,105.9228,14.64,81,100,2.11,MN,1655621099
Nālūt,30.3333,10.85,29.22,19,4,4.41,LY,1655621100
Albanel,48.8832,-72.4487,6.99,70,0,4.12,CA,1655621101
Honiara,-9.4333,159.95,26.45,83,28,0.53,SB,1655621102
Opuwo,-18.0607,13.84,16.27,53,0,1.33,NA,1655621104
Plettenberg Bay,-34.0527,23.3716,12.37,79,1,3.06,ZA,1655621105
Waddān,29.1614,16.139,28.31,29,0,3.29,LY,1655621106
Hay River,60.8156,-115.7999,9.99,81,100,1.03,CA,1655621107
Nichinan,31.6,131.3667,24.82,92,100,2.97,JP,1655621109
Dotnuva,55.35,23.9,18.83,69,88,5.76,LT,1655621110
Haverfordwest,51.8017,-4.9691,11.14,94,96,1.34,GB,1655621112
Kashgar,39.4547,75.9797,23.56,40,20,3.0,CN,1655621113
Camaná,-16.6228,-72.7111,15.32,83,23,3.44,PE,1655621114
Ejido,8.5514,-71.2375,18.9,88,99,2.58,VE,1655621116
Nara,34.6851,135.8049,30.03,33,100,4.45,JP,1655621117
Wanning,18.8003,110.3967,31.78,70,100,7.45,CN,1655621118
Cafelândia,-21.8025,-49.61,12.78,90,0,2.82,BR,1655621120
Vila do Maio,15.1333,-23.2167,23.44,91,100,4.04,CV,1655621121
Okha,53.5739,142.9478,9.11,84,82,5.43,RU,1655621122
Cayenne,4.9333,-52.3333,24.49,1,100,1.03,GF,1655621124
Kangaatsiaq,68.3065,-53.4641,1.28,84,82,5.97,GL,1655621126
Dongfeng,42.6403,125.5118,26.91,59,92,3.6,CN,1655621127
Isangel,-19.55,169.2667,22.06,94,100,0.51,VU,1655621128
Vila Franca do Campo,37.7167,-25.4333,17.89,77,10,5.63,PT,1655621129
Belaya Gora,68.5333,146.4167,22.8,28,100,6.84,RU,1655621131
West Bay,19.3667,-81.4167,24.9,94,100,0.45,KY,1655621132
Gisborne,-38.6533,178.0042,10.83,82,100,6.11,NZ,1655621133
Cocobeach,1.0002,9.5823,24.74,81,100,3.45,GA,1655621134
Mujiayingzi,42.1167,118.7833,32.3,37,15,3.37,CN,1655621136
Cheremnoye,53.1697,83.2133,23.33,66,100,2.52,RU,1655621137
Payo,-3.7508,103.6372,32.15,50,70,2.07,ID,1655621138
Talakan,50.3167,130.3667,21.08,52,96,4.35,RU,1655621139
Hambantota,6.1241,81.1185,31.19,74,20,5.14,LK,1655621137
Bījār,35.8668,47.6051,26.18,29,0,2.32,IR,1655621141
Lata,40.1629,-8.3327,16.97,83,5,1.43,PT,1655621143
Karabulak,43.3036,44.8964,23.55,49,0,2.17,RU,1655621144
Vavozh,56.7751,51.931,18.59,65,90,4.22,RU,1655621145
Dzaoudzi,-12.7887,45.2699,26.94,74,75,7.72,YT,1655621146
São Lourenço do Sul,-31.3653,-51.9783,5.22,75,0,2.83,BR,1655621148
Bilsi,28.1333,78.9167,36.74,29,99,3.48,IN,1655621149
Bosaso,11.2842,49.1816,37.99,28,0,4.12,SO,1655621150
Christchurch,-43.5333,172.6333,7.54,84,75,6.69,NZ,1655621151
Bama,11.5221,13.6856,27.91,54,13,5.23,NG,1655621153
Kimbe,-5.5502,150.1429,27.06,85,9,0.54,PG,1655621154
Quilpué,-33.045,-71.4494,8.05,93,0,1.54,CL,1655621155
Sharjah city,25.3573,55.4033,40.16,31,0,2.57,AE,1655621156
Amazar,53.858,120.875,26.16,34,100,2.54,RU,1655621158
Lubyany,56.0378,51.4,19.33,61,24,4.77,RU,1655621159
Casabianca,5.0796,-75.1206,12.5,96,99,0.97,CO,1655621160
Isla Vista,34.4133,-119.861,16.08,61,0,4.47,US,1655621161
Bohdan,48.0412,24.3522,21.76,51,0,1.4,UA,1655621162
Skjervøy,70.0311,20.9714,11.0,89,100,3.1,NO,1655621164
Şahbuz,39.4072,45.5739,25.78,41,0,2.41,AZ,1655621165
Muyezerskiy,63.9333,31.65,9.2,94,100,5.97,RU,1655621167
Severo-Yeniseyskiy,60.3725,93.0408,22.1,45,100,1.59,RU,1655621168
Safford,32.834,-109.7076,20.51,88,0,2.57,US,1655621096
Zabaykal'sk,49.6333,117.3167,25.34,44,100,6.05,RU,1655621171
Villamontes,-21.25,-63.5,8.58,61,0,2.36,BO,1655621172
Caldwell,43.6629,-116.6874,13.38,59,0,7.2,US,1655621173
Linjiang,41.8069,126.9078,28.58,44,92,2.55,CN,1655621174
Ola,59.5833,151.2833,12.86,96,100,4.68,RU,1655621176
Nelson Bay,-32.7167,152.15,15.4,91,99,4.81,AU,1655620894
Gopālpur,19.2667,84.9167,32.5,65,100,8.57,IN,1655621179
Kimberley,-28.7323,24.7623,3.83,87,0,1.03,ZA,1655621180
Northam,51.0333,-4.2167,12.38,80,100,7.41,GB,1655621181
Havøysund,70.9963,24.6622,8.13,78,57,6.07,NO,1655621182
Mareeba,-17.0,145.4333,20.37,66,9,2.99,AU,1655621184
São Filipe,14.8961,-24.4956,23.4,86,100,2.77,CV,1655621185
Lompoc,34.6391,-120.4579,11.32,84,40,12.07,US,1655621186
Waingapu,-9.6567,120.2641,29.36,62,100,6.86,ID,1655621187
Troitskoye,52.9821,84.6757,21.04,68,72,4.06,RU,1655621188
Saint-Augustin,51.226,-58.6502,11.28,98,100,0.47,CA,1655621190
Sola,-13.8833,167.55,26.37,94,100,0.0,VU,1655621135
Kharsia,21.9667,83.1167,34.8,43,100,5.45,IN,1655621192
Eureka,40.8021,-124.1637,11.81,84,28,2.68,US,1655621120
São Paulo de Olivença,-3.3783,-68.8725,22.77,87,90,0.49,BR,1655621194
Švenčionys,55.15,26.1667,18.67,56,92,5.81,LT,1655621195
Diu,20.7141,70.9822,31.73,64,72,6.08,IN,1655621048
Santa Cruz de La Palma,28.6835,-17.7642,22.08,64,75,5.14,ES,1655621198
Rybachiy,48.7073,44.7449,25.92,35,9,2.82,RU,1655621199
Marsabit,2.3284,37.9899,17.93,70,100,7.12,KE,1655621200
Sitka,57.0531,-135.33,11.94,76,100,2.57,US,1655621201
Luwuk,-0.9516,122.7875,28.37,78,49,3.24,ID,1655621203
Sheltozero,61.3667,35.3667,11.11,99,100,3.91,RU,1655621204
Ozinki,51.1786,49.6769,24.05,44,7,5.81,RU,1655621205
Hervey Bay,-25.2986,152.8535,19.87,69,4,7.05,AU,1655621206
Kopāganj,26.0233,83.5658,38.1,33,92,4.95,IN,1655621207
Busca,44.5181,7.4743,24.84,76,54,1.54,IT,1655621209
Pervomays'k,48.0443,30.8507,22.32,48,0,2.6,UA,1655621210
Bouar,5.934,15.596,18.57,87,100,0.26,CF,1655621211
Rechka Vydrino,51.485,104.8461,16.55,61,0,1.36,RU,1655621212
Forbes,-33.3833,148.0167,12.89,72,100,2.39,AU,1655621214
Hvide Sande,56.0045,8.1294,11.16,77,100,5.67,DK,1655621215
Vieste,41.8825,16.175,23.35,58,0,2.22,IT,1655621216
Zapolyarnyy,69.4154,30.8136,4.6,83,100,3.34,RU,1655621217
Ban Phaeo,13.5907,100.1075,38.9,43,30,1.26,TH,1655621219
Sosnogorsk,63.6023,53.8817,18.47,43,68,3.69,RU,1655621220
Vestmannaeyjar,63.4427,-20.2734,9.76,88,42,4.52,IS,1655621222
Southwick,42.0548,-72.7704,10.7,83,100,7.2,US,1655621224
Nabire,-3.3667,135.4833,27.87,78,73,1.38,ID,1655621189
Catherinas Lust,6.4,-57.6,24.26,91,100,4.2,GY,1655621227
Amahai,-3.3333,128.9167,27.4,78,90,3.01,ID,1655621228
Ballina,-28.8667,153.5667,16.68,88,100,5.46,AU,1655621229
Sept-Îles,50.2001,-66.3821,8.08,76,100,6.17,CA,1655621231
Nærbø,58.6667,5.65,12.08,88,100,5.55,NO,1655621232
Howard Springs,-12.497,131.047,32.51,44,4,1.62,AU,1655621233
Malazgirt,39.1427,42.5401,27.1,29,0,1.08,TR,1655621234
Upernavik,72.7868,-56.1549,0.77,89,94,6.52,GL,1655621151
Jenbach,47.4013,11.7406,21.13,45,13,2.39,AT,1655621238
Makakilo City,21.3469,-158.0858,24.7,66,75,6.17,US,1655621239
Kang,-23.6752,22.7876,15.73,25,0,5.15,BW,1655621240
Rio Casca,-20.2261,-42.6508,16.93,80,37,1.14,BR,1655621242
Silae,8.1589,125.2825,26.61,83,100,0.91,PH,1655621244
Zemio,5.0314,25.1361,20.09,97,100,1.4,CF,1655621245
Codrington,-38.2667,141.9667,12.15,67,100,5.54,AU,1655621246
Kosino,58.4127,51.2782,16.63,79,88,3.16,RU,1655621248
Irmo,34.086,-81.1832,21.32,55,0,4.12,US,1655621249
Changping,40.2186,116.2197,30.8,36,0,2.95,CN,1655621250
Barber,12.2833,-69.0667,26.99,78,75,5.66,CW,1655621251
Ca Mau,9.1769,105.15,31.08,61,98,3.08,VN,1655621180
Concepción del Oro,24.6333,-101.4167,15.98,66,65,3.32,MX,1655621253
Pitimbu,-7.4706,-34.8086,23.33,82,17,3.03,BR,1655621255
Salinas,36.6777,-121.6555,12.42,76,100,2.57,US,1655621037
Omsukchan,62.5333,155.8,7.89,90,100,1.6,RU,1655621258
Chifeng,42.2683,118.9636,33.01,36,35,3.58,CN,1655621156
Port Lincoln,-34.7333,135.8667,17.54,56,55,8.85,AU,1655621260
Ayan,56.45,138.1667,9.52,86,82,4.03,RU,1655621262
Praia da Vitória,38.7333,-27.0667,17.14,82,75,7.17,PT,1655621264
Vanino,49.0869,140.2543,10.82,97,100,1.81,RU,1655621265
Asnæs,55.8123,11.5013,10.67,97,100,1.81,DK,1655621266
Manaure,11.7751,-72.4445,26.74,76,11,6.36,CO,1655621268
Wonthaggi,-38.6044,145.5913,12.68,74,62,2.03,AU,1655621269
San Patricio,28.017,-97.5169,26.67,87,5,2.81,US,1655621270
